src_language	trg_language	domain	github	ckpt	src_vocab	trg_vocab	config.yaml	src_bpe	trg_bpe	complete
en	af	JW300	https://github.com/masakhane-io/masakhane/blob/master/benchmarks/en-af/jw300-baseline	https://drive.google.com/open?id=119XYxt6dy2_nKGpcge7KVrReW8_BEPpP	https://drive.google.com/file/d/13k-tt-vvwzMRgn10lpUSOHPvxu-ZCtQ4	https://drive.google.com/file/d/13k-tt-vvwzMRgn10lpUSOHPvxu-ZCtQ4	https://drive.google.com/open?id=1-_s_JL2mDcDVqai13FKS3r6YRXPPnpmm	https://drive.google.com/open?id=13BPnyDW4D_6bxy4tEYPIOVlH2MwH87Sz	https://drive.google.com/open?id=13BPnyDW4D_6bxy4tEYPIOVlH2MwH87Sz	yes
en	af	Autshumato	https://github.com/masakhane-io/masakhane-mt/tree/master/benchmarks/en-af/autshumato-baseline	https://drive.google.com/open?id=11Ij_XitMCdCDsUgKX9GZ38VAFxP5UOTl	https://drive.google.com/open?id=11Y1OwQuIxphkcdFQCru1yJ-gURbnursB	https://drive.google.com/open?id=11R1jy-tF-HGzmDbDw8FKhgh3SN8u4Ypa	https://drive.google.com/open?id=11ZgPBHBxyjptM6ZP6A9UsJba95PdYxfY	https://drive.google.com/open?id=1-gWoFbZwIYPwC9jl33xywyip6HUIzheb	https://drive.google.com/open?id=1-gWoFbZwIYPwC9jl33xywyip6HUIzheb	yes
en	ar	JW300+TED	https://github.com/masakhane-io/masakhane-mt/tree/master/benchmarks/en-ar/jw300-tedtalk-baseline	https://drive.google.com/open?id=11qzB0sRk21KDTsG_ByYD5Gi7egV9J0QA	https://drive.google.com/open?id=11gtWrF3qVQgk0jkfAMNSyKnMJ3q0Jgbi	https://drive.google.com/open?id=11fyWYszpB8Uvzmh1nEsCh0DQGzMgPr3x	https://drive.google.com/open?id=11i-TLdYD_ITkWK9D75A89ZN8OL6Tg-DH	https://drive.google.com/open?id=10FnoWKgS1p3oS27yXoOsPEPGuLO6pc0F	https://drive.google.com/open?id=10FnoWKgS1p3oS27yXoOsPEPGuLO6pc0F	yes
en	am	JW300	https://github.com/masakhane-io/masakhane-mt/tree/master/benchmarks/en-am/jw300-amharic-baseline	https://drive.google.com/open?id=11mWDx7xPXIYMSHdXh-kuf2_RKRORoCi7	https://raw.githubusercontent.com/masakhane-io/masakhane-mt/master/benchmarks/en-am/jw300-amharic-baseline/data/src_vocab.txt	https://raw.githubusercontent.com/masakhane-io/masakhane-mt/master/benchmarks/en-am/jw300-amharic-baseline/data/trg_vocab.txt	https://raw.githubusercontent.com/masakhane-io/masakhane-mt/master/benchmarks/en-am/jw300-amharic-baseline/data/config.yaml	https://raw.githubusercontent.com/masakhane-io/masakhane-mt/master/benchmarks/en-am/jw300-amharic-baseline/data/bpe.codes.4000	https://raw.githubusercontent.com/masakhane-io/masakhane-mt/master/benchmarks/en-am/jw300-amharic-baseline/data/bpe.codes.4000	yes
en	ddn		https://github.com/masakhane-io/masakhane-mt/tree/master/benchmarks/en-ddn/live.bible.is-baseline	https://drive.google.com/file/d/10gRY0Z-awPLJRsCYhfuRvn1RsDWg7ifH	https://raw.githubusercontent.com/masakhane-io/masakhane-mt/master/benchmarks/en-ddn/live.bible.is-baseline/src_vocab.txt	https://raw.githubusercontent.com/masakhane-io/masakhane-mt/master/benchmarks/en-ddn/live.bible.is-baseline/trg_vocab.txt	https://raw.githubusercontent.com/masakhane-io/masakhane-mt/master/benchmarks/en-ddn/live.bible.is-baseline/config.yaml	https://raw.githubusercontent.com/masakhane-io/masakhane-mt/master/benchmarks/en-ddn/live.bible.is-baseline/bpe.codes.4000	https://raw.githubusercontent.com/masakhane-io/masakhane-mt/master/benchmarks/en-ddn/live.bible.is-baseline/bpe.codes.4000	yes
en	efi		https://github.com/masakhane-io/masakhane-mt/tree/master/benchmarks/en-efi/jw300-baseline	https://drive.google.com/file/d/16VErWlive6wjNsp3rZX4D22g2RNA5_wx	https://raw.githubusercontent.com/masakhane-io/masakhane-mt/master/benchmarks/en-efi/jw300-baseline/src_vocab.txt	https://raw.githubusercontent.com/masakhane-io/masakhane-mt/master/benchmarks/en-efi/jw300-baseline/trg_vocab.txt	https://drive.google.com/file/d/1Fs3wWSrUz9JzeJWOeQllVAVgoBj7oGeK	https://drive.google.com/open?id=10GxcfYiCcyX8g2AneIaLdx6bEidcGYZF	https://drive.google.com/open?id=10GxcfYiCcyX8g2AneIaLdx6bEidcGYZF	yes
en	bin		https://github.com/masakhane-io/masakhane-mt/tree/master/benchmarks/en-bin/jw300-baseline	https://drive.google.com/open?id=11qzB0sRk21KDTsG_ByYD5Gi7egV9J0QA	https://drive.google.com/open?id=11gtWrF3qVQgk0jkfAMNSyKnMJ3q0Jgbi	https://drive.google.com/open?id=11fyWYszpB8Uvzmh1nEsCh0DQGzMgPr3x	https://drive.google.com/open?id=11i-TLdYD_ITkWK9D75A89ZN8OL6Tg-DH	https://drive.google.com/open?id=10FnoWKgS1p3oS27yXoOsPEPGuLO6pc0F	https://drive.google.com/open?id=10FnoWKgS1p3oS27yXoOsPEPGuLO6pc0F	yes
en	ish		https://github.com/masakhane-io/masakhane-mt/tree/master/benchmarks/en-ish/jw300-baseline	https://drive.google.com/open?id=10cokUCY01ZIxwZbFt2s8BlubpjDps2hm	https://drive.google.com/open?id=10Z8LuIvt9WvVy1NjiKwIuULDoOtQVW8z	https://drive.google.com/open?id=10S1HPPNngxBTdQPk3-61lXpwpDMtSNyU	https://drive.google.com/open?id=10QaZXnJzXnVYQpVJCkl0yvAwsFnE4bmt	https://drive.google.com/open?id=1-60v03KFr2xzTZEccayAIsRh3MCz0Tww	https://drive.google.com/open?id=1-60v03KFr2xzTZEccayAIsRh3MCz0Tww	yes
en	fon	JW300	https://github.com/masakhane-io/masakhane-mt/tree/master/benchmarks/en-fon/jw300-baseline	https://drive.google.com/file/d/11doYa-jfV9pwgqP9xQGbD2CYYQJ5ey9P	https://drive.google.com/file/d/119faM4mgxKsqhgIwxEJGnuedv0HFHls8	https://drive.google.com/file/d/111CRIEMC0zdJMeAGzIIDWrPj6ETO20wQ	https://raw.githubusercontent.com/masakhane-io/masakhane-mt/master/benchmarks/en-fon/jw300-baseline/config.yaml	https://drive.google.com/file/d/1-sgbZFUVgUl-rzDpF0L-PJcOd4pGG8re	https://drive.google.com/file/d/1-sgbZFUVgUl-rzDpF0L-PJcOd4pGG8re	yes
en	ha		https://github.com/masakhane-io/masakhane-mt/tree/master/benchmarks/en-ha/opus_en_ha_baseline	https://drive.google.com/open?id=11hvNxEiGH4-AXQlHSYJAh42NECYim_Es	https://drive.google.com/open?id=18sztKwiDzvdXh8yDQ6dLrF0O20YWip1g	https://drive.google.com/open?id=18UYsvzR1EWLWn2tzImg7XLH1YlbB60Qe	https://drive.google.com/open?id=18vuaAGSLdm8rD25BVBoXSUA7DPgFfDl-	https://drive.google.com/open?id=1-brf9W3B0DxyejpSmpsfXRe7QtyIcIpN	https://drive.google.com/open?id=1-brf9W3B0DxyejpSmpsfXRe7QtyIcIpN	yes
en	ig		https://github.com/masakhane-io/masakhane-mt/tree/master/benchmarks/en-ig/jw300-baseline	https://drive.google.com/open?id=1M9BbyuKtP82eRoCHNmkFOOojprWi3Wwk	https://drive.google.com/open?id=15VubgMTSdhjCeOZn4owGd_VXlC1uPQLC	https://drive.google.com/open?id=15RZXkocOy6NSEku-pBpe8JqdYkX3YSs3	https://drive.google.com/open?id=15LvYjSkm5HqMXmvNy1bbUBJxz7LfWZNY	https://drive.google.com/open?id=1-IFaF3sCrgiSJzhrHBTjtzyuMghksdpn	https://drive.google.com/open?id=1-IFaF3sCrgiSJzhrHBTjtzyuMghksdpn	yes
en	iso		https://github.com/masakhane-io/masakhane-mt/tree/master/benchmarks/en-iso/jw300-baseline	https://drive.google.com/open?id=1GjLfddEv-8nyszyP88zwiElQBVecBF2n	https://drive.google.com/open?id=102Qvq80TLQrmAYdLcRLpqS4FtA9tN9v5	https://drive.google.com/open?id=1028QfZSd51z7KonRDBztX7Xm0x8wLSHH	https://drive.google.com/open?id=102X36ERzICE6UHe-VBkCUhP6UACT9IKr	https://drive.google.com/open?id=1-jWFL352h9eiNPEaBnSldQGSnwAuYDMJ	https://drive.google.com/open?id=1-jWFL352h9eiNPEaBnSldQGSnwAuYDMJ	yes
en	kam		https://github.com/masakhane-io/masakhane-mt/tree/master/benchmarks/en-kam/tuned-jw300-baseline	https://drive.google.com/open?id=10tUF4XuTiRQevpoXVKWG5g_1zTY3bQip	https://drive.google.com/open?id=1nbKacy8tLPoeGXFtdmZqIylK28wVSbCf	https://drive.google.com/open?id=1iSkLUYh-_VIQ1ZYfzUWrt_upDqKQStvc	https://drive.google.com/open?id=126UqaTeg8_lRvhDSimWoPW5-CwJlfSN2	https://raw.githubusercontent.com/masakhane-io/masakhane-mt/master/benchmarks/en-kam/tuned-jw300-baseline/bpe.codes.25000	https://raw.githubusercontent.com/masakhane-io/masakhane-mt/master/benchmarks/en-kam/tuned-jw300-baseline/bpe.codes.25000	yes
en	kmb		https://github.com/masakhane-io/masakhane-mt/tree/master/benchmarks/en-kmb/jw300-baseline		https://drive.google.com/open?id=1062zY_7AKUQxfUsItSIuI1pSCYtV3cVk	https://drive.google.com/open?id=101aanOjjklHaXdpQeZIJSjtYf1D6O3mV	https://drive.google.com/open?id=1073HIUkf1rXhMiF3Qu85l7OghKjFFpnH	https://raw.githubusercontent.com/masakhane-io/masakhane/master/benchmarks/en-kmb/jw300-baseline/bpe.codes.4000	https://raw.githubusercontent.com/masakhane-io/masakhane-mt/master/benchmarks/en-kmb/jw300-baseline/bpe.codes.4000	no
en	ki	JW300	https://github.com/masakhane-io/masakhane-mt/tree/master/benchmarks/en-ki/tuned-jw300-baseline	https://drive.google.com/open?id=1B7d89RfvJVXAoe0xXV_gTM6EhwvCQSGM	https://drive.google.com/open?id=1CWpWc3MJupgS00sAFr1iEu_gazUVr_1u	https://drive.google.com/open?id=1Y9dZJwckbp1UCcawj2mr3tEdhdqPc_Vb	https://drive.google.com/open?id=1D5N1giBa4keDE5yY-WHd7jG5Vbq3B1aj	https://raw.githubusercontent.com/masakhane-io/masakhane-mt/master/benchmarks/en-ki/tuned-jw300-baseline/bpe.codes.20000	https://raw.githubusercontent.com/masakhane-io/masakhane-mt/master/benchmarks/en-ki/tuned-jw300-baseline/bpe.codes.20000	yes
en	ln		https://github.com/masakhane-io/masakhane-mt/tree/master/benchmarks/en-ln/jw300-baseline	https://drive.google.com/file/d/1w-4aejEmCVpqIAa7xYw2sJVfMLNMVeKK	https://raw.githubusercontent.com/masakhane-io/masakhane/master/benchmarks/en-ln/jw300-baseline/models/enln_transformer/src_vocab.txt	https://raw.githubusercontent.com/masakhane-io/masakhane-mt/master/benchmarks/en-ln/jw300-baseline/models/enln_transformer/trg_vocab.txt	https://raw.githubusercontent.com/masakhane-io/masakhane-mt/master/benchmarks/en-ln/jw300-baseline/models/enln_transformer/config.yaml	https://raw.githubusercontent.com/masakhane-io/masakhane-mt/master/benchmarks/en-ln/jw300-baseline/bpe.codes.4000	https://raw.githubusercontent.com/masakhane-io/masakhane-mt/master/benchmarks/en-ln/jw300-baseline/bpe.codes.4000	yes
en	luo	JW300	https://github.com/masakhane-io/masakhane-mt/tree/master/benchmarks/en-luo/fine-tuned-jw300-baseline	https://drive.google.com/open?id=1FsTddzCxZswiiqeWCWnAL-TdDlc0x8r0	https://drive.google.com/open?id=1ZbpS4Jtd-8mActzMTjs8fFBeD5_Kykme	https://drive.google.com/open?id=1MQbGxd49rD_7SKrGxygKavrPWIMPpDn3	https://drive.google.com/open?id=1-7MYFLYJRQnQl8fAmMUnJZISKWOum4DD	https://raw.githubusercontent.com/masakhane-io/masakhane-mt/blame/master/benchmarks/en-luo/fine-tuned-jw300-baseline/bpe.codes.30000	https://raw.githubusercontent.com/masakhane-io/masakhane-mt/blame/master/benchmarks/en-luo/fine-tuned-jw300-baseline/bpe.codes.30000	yes
en	pcm		https://github.com/masakhane-io/masakhane-mt/tree/master/benchmarks/en-pcm/jw300-baseline	https://drive.google.com/file/d/1KYH7egDLQVE_FYN-Bu5sreMzCj9Xl3yV	https://raw.githubusercontent.com/masakhane-io/masakhane/master/benchmarks/en-pcm/jw300-baseline/data/src_vocab.txt	https://raw.githubusercontent.com/masakhane-io/masakhane-mt/master/benchmarks/en-pcm/jw300-baseline/data/trg_vocab.txt	https://raw.githubusercontent.com/masakhane-io/masakhane-mt/master/benchmarks/en-pcm/jw300-baseline/config.yaml	https://raw.githubusercontent.com/masakhane-io/masakhane-mt/master/benchmarks/en-pcm/jw300-baseline/data/bpe.codes.4000	https://raw.githubusercontent.com/masakhane-io/masakhane-mt/master/benchmarks/en-pcm/jw300-baseline/data/bpe.codes.4000	yes
en	nso	Autshumato	https://github.com/masakhane-io/masakhane-mt/tree/master/benchmarks/en-nso/autshumato-baseline	https://drive.google.com/open?id=118UiH54fiJh8s1h_KefE6WYLZw2WB3TC	https://drive.google.com/open?id=11Ple5RJfHBxXY-3YOTV4oClPa-5L8sJU	https://drive.google.com/open?id=11Dm77ANnpMGf6uP6Vr2fVwfKhRsEAVyt	https://drive.google.com/open?id=11Pqz3wBGs_q3PWGqepWxMPA99p6QBuff	https://drive.google.com/open?id=1-vdNNOu4tRRbVTC-iYCmGdXyX0aCcc_G	https://drive.google.com/open?id=1-vdNNOu4tRRbVTC-iYCmGdXyX0aCcc_G	yes
en	nso	JW300	https://github.com/masakhane-io/masakhane-mt/tree/master/benchmarks/en-nso/jw300-baseline		https://raw.githubusercontent.com/masakhane-io/masakhane/master/benchmarks/en-nso/jw300-baseline/src_vocab.txt	https://raw.githubusercontent.com/masakhane-io/masakhane/master/benchmarks/en-nso/jw300-baseline/trg_vocab.txt	https://raw.githubusercontent.com/masakhane-io/masakhane-mt/master/benchmarks/en-nso/jw300-baseline/config.yaml	https://raw.githubusercontent.com/masakhane-io/masakhane-mt/master/benchmarks/en-nso/jw300-baseline/bpe.codes.4000	https://raw.githubusercontent.com/masakhane-io/masakhane-mt/master/benchmarks/en-nso/jw300-baseline/bpe.codes.4000	no
en	sn		https://github.com/masakhane-io/masakhane-mt/tree/master/benchmarks/en-sn/jw300-shona-baseline	https://drive.google.com/open?id=11EyNEoGsoROeqWByRO6VzMk6O6AKnH5u	https://drive.google.com/open?id=11avx0P7wv80h-LPGDkXx4S6-XZBK-W1N	https://drive.google.com/open?id=11UO41NsE_osMCY4ocCplUAbDkjDa0HCo	https://drive.google.com/open?id=11bpBifc26qkTxZ1q2y3dhDhiqIF9S1lm	https://raw.githubusercontent.com/masakhane-io/masakhane-mt/master/benchmarks/en-sn/jw300-shona-baseline/bpe.codes.4000	https://raw.githubusercontent.com/masakhane-io/masakhane-mt/master/benchmarks/en-sn/jw300-shona-baseline/bpe.codes.4000	yes
en	st	Autshumato	https://github.com/masakhane-io/masakhane-mt/tree/master/benchmarks/en-st/autshumato-baseline	https://drive.google.com/open?id=1-TnGoBVMPb4le3hdWfdSFLu66SpszY6E	https://drive.google.com/open?id=12yWiMCKPpcLn_3PjrUSCyZ18rEclODQJ	https://drive.google.com/open?id=12tEWoJQuo3r5Yr93Av2SBlEHmmZPwNoS	https://drive.google.com/open?id=130A1OyLxBL5VWuBYAOyAIIFYzCS9oUBc	https://drive.google.com/open?id=199rs4w5D6-bDE93t_5M3ra0S5ZEWORhK	https://drive.google.com/open?id=199rs4w5D6-bDE93t_5M3ra0S5ZEWORhK	yes
en	st	JW300	https://github.com/masakhane-io/masakhane-mt/tree/master/benchmarks/en-st/jw300-baseline	https://drive.google.com/open?id=1-TnGoBVMPb4le3hdWfdSFLu66SpszY6E	https://drive.google.com/open?id=12yWiMCKPpcLn_3PjrUSCyZ18rEclODQJ	https://drive.google.com/open?id=12tEWoJQuo3r5Yr93Av2SBlEHmmZPwNoS	https://drive.google.com/open?id=130A1OyLxBL5VWuBYAOyAIIFYzCS9oUBc	https://drive.google.com/open?id=199rs4w5D6-bDE93t_5M3ra0S5ZEWORhK	https://drive.google.com/open?id=199rs4w5D6-bDE93t_5M3ra0S5ZEWORhK	yes
en	sw	JW300	https://github.com/masakhane-io/masakhane-mt/tree/master/benchmarks/en-sw/fine-tuned-jw300-baseline	https://drive.google.com/open?id=1GoouOW2z1L5jSCNSQYG4NzIe0d0DN0d0	https://drive.google.com/open?id=1B6Zjmo1Dy1sI0ShCvkG_AUMjCjU8Ki0S	https://drive.google.com/open?id=1jyPeb6rPWVUehCWZERUrIafwPis6pEQa	https://drive.google.com/open?id=1uGfyqJaQDS2VpHt7IB_PfhriwkI3UD7n	https://raw.githubusercontent.com/masakhane-io/masakhane-mt/master/benchmarks/en-sw/fine-tuned-jw300-baseline/bpe.codes.35000	https://raw.githubusercontent.com/masakhane-io/masakhane-mt/master/benchmarks/en-sw/fine-tuned-jw300-baseline/bpe.codes.35000	yes
en	ti	JW300	https://github.com/masakhane-io/masakhane-mt/tree/master/benchmarks/en-ti/jw300-tigrigna-baseline	https://drive.google.com/open?id=11mWDx7xPXIYMSHdXh-kuf2_RKRORoCi7	https://raw.githubusercontent.com/masakhane-io/masakhane-mt/master/benchmarks/en-ti/jw300-tigrigna-baseline/data/src_vocab.txt	https://raw.githubusercontent.com/masakhane-io/masakhane-mt/master/benchmarks/en-ti/jw300-tigrigna-baseline/data/trg_vocab.txt	https://raw.githubusercontent.com/masakhane-io/masakhane-mt/master/benchmarks/en-ti/jw300-tigrigna-baseline/data/config.yaml	https://raw.githubusercontent.com/masakhane-io/masakhane-mt/master/benchmarks/en-ti/jw300-tigrigna-baseline/data/bpe.codes.4000	https://raw.githubusercontent.com/masakhane-io/masakhane-mt/master/benchmarks/en-ti/jw300-tigrigna-baseline/data/bpe.codes.4000	yes
en	ti	Mix	https://github.com/masakhane-io/masakhane-mt/tree/master/benchmarks/en-ti/tigmix-baseline	https://drive.google.com/file/d/12dGHeKzwhJ4t0m13paA33ujqFPHrNUqx/	https://raw.githubusercontent.com/masakhane-io/masakhane-mt/master/benchmarks/en-ti/tigmix-baseline/src_vocab.txt	https://raw.githubusercontent.com/masakhane-io/masakhane-mt/master/benchmarks/en-ti/tigmix-baseline/trg_vocab.txt	https://raw.githubusercontent.com/masakhane-io/masakhane/master/benchmarks/en-ti/tigmix-baseline/joeynmt_config.yaml	https://raw.githubusercontent.com/masakhane-io/masakhane/master/benchmarks/en-ti/tigmix-baseline/bpe.codes.4000	https://raw.githubusercontent.com/masakhane-io/masakhane/master/benchmarks/en-ti/tigmix-baseline/bpe.codes.4000	yes
en	tiv		https://github.com/masakhane-io/masakhane-mt/tree/master/benchmarks/en-tiv/jw300-baseline	https://drive.google.com/file/d/1B_rP5oMzaYCZHcRPNJV7vcF2SpzLnRfj	https://raw.githubusercontent.com/masakhane-io/masakhane/master/benchmarks/en-tiv/jw300-baseline/data/src_vocab.txt	https://raw.githubusercontent.com/masakhane-io/masakhane/master/benchmarks/en-tiv/jw300-baseline/data/trg_vocab.txt	https://raw.githubusercontent.com/masakhane-io/masakhane/master/benchmarks/en-tiv/jw300-baseline/config.yaml	https://raw.githubusercontent.com/masakhane-io/masakhane/master/benchmarks/en-tiv/jw300-baseline/data/bpe.codes.4000	https://raw.githubusercontent.com/masakhane-io/masakhane/master/benchmarks/en-tiv/jw300-baseline/data/bpe.codes.4000	yes
en	lua	JW300	https://github.com/masakhane-io/masakhane-mt/tree/master/benchmarks/en-lua/jw300-baseline	https://drive.google.com/file/d/11doYa-jfV9pwgqP9xQGbD2CYYQJ5ey9P	https://raw.githubusercontent.com/masakhane-io/masakhane/master/benchmarks/en-lua/jw300-baseline/src_vocab.txt	https://raw.githubusercontent.com/masakhane-io/masakhane/master/benchmarks/en-lua/jw300-baseline/trg_vocab.txt	https://raw.githubusercontent.com/masakhane-io/masakhane/master/benchmarks/en-lua/jw300-baseline/config.yaml	https://raw.githubusercontent.com/masakhane-io/masakhane-mt/master/benchmarks/en-lua/jw300-baseline/bpe.codes.4000	https://raw.githubusercontent.com/masakhane-io/masakhane-mt/master/benchmarks/en-lua/jw300-baseline/bpe.codes.4000	yes
en	xh	Autshumato	https://github.com/masakhane-io/masakhane-mt/tree/master/benchmarks/en-xh/autshumato-baseline							no
en	xh	JW300	https://github.com/masakhane-io/masakhane-mt/tree/master/benchmarks/en-xh/jw300-baseline							no
en	ts	Autshumato	https://github.com/masakhane-io/masakhane-mt/tree/master/benchmarks/en-ts/autshumato-baseline							no
en	ts	JW300	https://github.com/masakhane-io/masakhane-mt/tree/master/benchmarks/en-ts/jw300-baseline	https://drive.google.com/open?id=13hc1lZKQIkJgEH97m0_VMIpwECtQ1S_n	https://drive.google.com/open?id=14NtfPQUVTqI1TI4N6UG4-cy0azSySfZD	https://drive.google.com/open?id=143qwCs4VS_ZINqDx8OM6CvyodgYTD9mT	https://drive.google.com/open?id=14Qs-3DOzva1amDRaNTkx3tHsHgFUbUqH	https://drive.google.com/open?id=1-kGnT7_eSpfbBMMfrz8BphBqyqd9rKNA	https://drive.google.com/open?id=1-kGnT7_eSpfbBMMfrz8BphBqyqd9rKNA	yes
en	urh		https://github.com/masakhane-io/masakhane-mt/tree/master/benchmarks/en-urh/jw300-baseline	https://drive.google.com/file/d/10If19t09WARC6CP3E1Db9Xw2fzL4Xamr	https://drive.google.com/file/d/1-fZpXGPKFdN0Irr286aWllpjMMvs7wuK	https://drive.google.com/file/d/1-YZNEa6mmB_rm5OeC_i7CGtxHvxJ-afo	https://drive.google.com/file/d/1-hfvDzfzHPlKHyIwLIL99VOxpylDR2uA	https://drive.google.com/file/d/1ZItt_lh_3loSyzi7xeRSUlSTfOR1YWlo	https://drive.google.com/file/d/1ZItt_lh_3loSyzi7xeRSUlSTfOR1YWlo	yes
en	yo		https://github.com/masakhane-io/masakhane-mt/tree/master/en-yo/jw300-baseline-improve	https://drive.google.com/file/d/11df3sipDiv7wXtdRnB01KH72krFsNU4r	https://raw.githubusercontent.com/masakhane-io/masakhane-mt/master/benchmarks/en-yo/jw300-baseline-improve/vocab.txt	https://raw.githubusercontent.com/masakhane-io/masakhane-mt/master/benchmarks/en-yo/jw300-baseline-improve/vocab.txt	https://raw.githubusercontent.com/masakhane-io/masakhane-mt/master/benchmarks/en-yo/jw300-baseline-improve/config.yaml	https://drive.google.com/open?id=10BSIia6tncbO73Hx_SKzBKcxvYN7E99E	https://drive.google.com/open?id=10BSIia6tncbO73Hx_SKzBKcxvYN7E99E	yes
en	zu	Autshumato	https://github.com/masakhane-io/masakhane-mt/tree/master/benchmarks/en-zu/autshumato-baseline	https://drive.google.com/open?id=10V4hEgjzuO7Fvqyr27TDIUWtJa0TQwbL	https://drive.google.com/open?id=10zl__5w-4nwu7WuhlWHTdTGubaQSWRib	https://drive.google.com/open?id=10jVVj6AFTACxkfvHCNcZhPfQm3flE_NN	https://drive.google.com/open?id=119wdIGEQHFLBVGBSAI40DUg9LIHYgaDB	https://drive.google.com/open?id=1-rN9WbzUvnQN0hHD70wB1o7H6fdsvdt-	https://drive.google.com/open?id=1-rN9WbzUvnQN0hHD70wB1o7H6fdsvdt-	yes
en	zu	JW300	https://github.com/masakhane-io/masakhane-mt/tree/master/benchmarks/en-zu/jw300-baseline	https://drive.google.com/file/d/1-QLxP7xLqu-AqDQkm1XaCtDEex1Oseo0	https://raw.githubusercontent.com/masakhane-io/masakhane-mt/master/benchmarks/en-zu/jw300-baseline/src_vocab.txt	https://raw.githubusercontent.com/masakhane-io/masakhane-mt/master/benchmarks/en-zu/jw300-baseline/trg_vocab.txt	https://raw.githubusercontent.com/masakhane-io/masakhane-mt/master/benchmarks/en-zu/jw300-baseline/config.yaml	https://raw.githubusercontent.com/masakhane-io/masakhane-mt/master/benchmarks/en-zu/jw300-baseline/bpe.codes.4000	https://raw.githubusercontent.com/masakhane-io/masakhane-mt/master/benchmarks/en-zu/jw300-baseline/bpe.codes.4000	yes
efi	en		https://github.com/masakhane-io/masakhane-mt/tree/master/benchmarks/efi-en/jw300-baseline	https://drive.google.com/file/d/1fcR0nO3rvzxxx4L4KXL0RD9b9-QBr7ts	https://drive.google.com/open?id=1FnSuQGLWIgBL7d0RvX8tHd8WXeZhsWMO	https://drive.google.com/open?id=1FWiuObwtsuTkBPAiQ4yPrdh1L_3ps9b8	https://drive.google.com/open?id=10GxcfYiCcyX8g2AneIaLdx6bEidcGYZF	https://drive.google.com/open?id=10GxcfYiCcyX8g2AneIaLdx6bEidcGYZF	https://drive.google.com/open?id=10GxcfYiCcyX8g2AneIaLdx6bEidcGYZF	yes
ha	en		https://github.com/masakhane-io/masakhane-mt/tree/master/benchmarks/ha-en/opus_ha_en_baseline	https://drive.google.com/file/d/1q8gPqJM8NGLuweosN1aqRnMxnOywrZM7			https://raw.githubusercontent.com/masakhane-io/masakhane-mt/master/benchmarks/ha-en/opus_ha_en_baseline/config.yaml			no
yo	en		https://github.com/masakhane-io/masakhane-mt/tree/master/benchmarks/yo-en/jw300-baseline	https://drive.google.com/file/d/1W6XW7ldm2OjPmBsM-PGI25FShYoITd5W			https://raw.githubusercontent.com/masakhane-io/masakhane-mt/master/benchmarks/yo-en/jw300-baseline/config.yaml			no
fr	swc		https://github.com/masakhane-io/masakhane-mt/tree/master/benchmarks/fr-swc/jw300-baseline	http://34.66.168.159/french_kiswhahili_espoir/fr-swc-baseline_v2/models/frswc_transformer/best.ckpt	https://raw.githubusercontent.com/masakhane-io/masakhane-mt/master/benchmarks/fr-swc/jw300-baseline/src_vocab.txt	https://raw.githubusercontent.com/masakhane-io/masakhane-mt/master/benchmarks/fr-swc/jw300-baseline/trg_vocab.txt	https://raw.githubusercontent.com/masakhane-io/masakhane-mt/master/benchmarks/fr-swc/jw300-baseline/config.yaml	https://github.com/masakhane-io/masakhane-mt/blob/master/benchmarks/fr-swc/jw300-baseline/bpe.codes.4000	https://github.com/masakhane-io/masakhane-mt/blob/master/benchmarks/fr-swc/jw300-baseline/bpe.codes.4000	yes
en	ve	JW300	https://github.com/masakhane-io/masakhane-mt/tree/master/benchmarks/en-ve/jw300-baseline	https://drive.google.com/open?id=13H1zSz4TpqmlsdxL4R-B3flQM2D0Xsml	https://drive.google.com/open?id=12vhcQgTkZ2xrjBu-uHbnclA3LuDvUpLk	https://drive.google.com/open?id=12q-kZuqlgLD6MGzscyp3yFKz83qyzjpk	https://drive.google.com/open?id=131HYvrrEvfT4dzROpwbB2X-4pLgL1ELj	https://drive.google.com/open?id=1-tl-DyIJOoAGYdF15c6uM-9Xk4eJ7DRh	https://drive.google.com/open?id=1-tl-DyIJOoAGYdF15c6uM-9Xk4eJ7DRh	yes
en	twi	JW300	https://github.com/masakhane-io/masakhane-mt/tree/master/benchmarks/en-twi/jw300-baseline	https://drive.google.com/open?id=1-cr0EDGQjoQm6bw4pwhQCCpDvEj6BJlI	https://drive.google.com/open?id=10t2M2F1fZZyDWYI_ELJYq9nWfTDQFRVM	https://drive.google.com/open?id=10nvux0Roi_sqSXB0Hu6Mm2B2qc-bzEOM	https://drive.google.com/open?id=10tLVGXHOd48x93XGETDio1GZYhTBG6n4	https://raw.githubusercontent.com/masakhane-io/masakhane-mt/master/benchmarks/en-twi/jw300-baseline/bpe.codes.4000	https://raw.githubusercontent.com/masakhane-io/masakhane-mt/master/benchmarks/en-twi/jw300-baseline/bpe.codes.4000	yes
en	sw	SAWA	https://github.com/masakhane-io/masakhane-mt/tree/master/benchmarks/en-sw/sawa-baseline	https://drive.google.com/open?id=1hE-JKp5A9WtEG55LaCHeb2L7ri7hXjtr	https://raw.githubusercontent.com/masakhane-io/masakhane-mt/master/benchmarks/en-sw/sawa-baseline/src_vocab.txt	https://raw.githubusercontent.com/masakhane-io/masakhane-mt/master/benchmarks/en-sw/sawa-baseline/trg_vocab.txt	https://raw.githubusercontent.com/masakhane-io/masakhane-mt/master/benchmarks/en-sw/sawa-baseline/transformer_ensw2.yaml	https://raw.githubusercontent.com/masakhane-io/masakhane-mt/master/benchmarks/en-sw/sawa-baseline/bpe.codes.4000	https://raw.githubusercontent.com/masakhane-io/masakhane-mt/master/benchmarks/en-sw/sawa-baseline/bpe.codes.4000	yes
en	nr	JW300	https://github.com/masakhane-io/masakhane-mt/tree/master/benchmarks/en-nr/jw300-baseline	https://drive.google.com/open?id=12C2r2qQYE4dx6y_-7-htFmilPYzHFLH-	https://drive.google.com/open?id=129R0x_bL1q43zAijAMDdbHH8jik4V5qT	https://drive.google.com/open?id=124Af2Nrojt1vhqCv2_pvMkZNuZsNpJGV	https://drive.google.com/open?id=11U_gq3MHKi13_qOANitRQovJJv6qhH__	https://drive.google.com/open?id=1-lTaAjWBNyeTKpMCbK76BDeZit02WM1S	https://drive.google.com/open?id=1-lTaAjWBNyeTKpMCbK76BDeZit02WM1S	yes
